"id","condition","anger_mean","disgust_mean","fear_mean","happiness_mean","sadness_mean","surprise_mean","neutral_mean","AU01_mean","AU02_mean","AU04_mean","AU05_mean","AU06_mean","AU07_mean","AU09_mean","AU10_mean","AU11_mean","AU12_mean","AU14_mean","AU15_mean","AU17_mean","AU20_mean","AU23_mean","AU24_mean","AU25_mean","AU26_mean","AU28_mean","AU43_mean","mouth_openness_mean","anger_std","disgust_std","fear_std","happiness_std","sadness_std","surprise_std","neutral_std","AU01_std","AU02_std","AU04_std","AU05_std","AU06_std","AU07_std","AU09_std","AU10_std","AU11_std","AU12_std","AU14_std","AU15_std","AU17_std","AU20_std","AU23_std","AU24_std","AU25_std","AU26_std","AU28_std","AU43_std","mouth_openness_std"
1,"neutral",2.54950594902039,0.608424186706543,0.0787038058042526,6.84289121627808,0.420405507087708,7.28803062438965,82.211540222168,0.379875779151917,0.187982901930809,0.19378836452961,0.28728261590004,0.240029543638229,0.461538463830948,0.191008523106575,0.0784082636237144,0.572463750839233,0.253859370946884,0.501327216625214,0.484803318977356,0.527295470237732,0.196428567171097,0.495144695043564,0.405417889356613,0.482940286397934,0.382482260465622,0.147255107760429,0.156936675310135,23.1265184037345,7.22523736953735,1.95298528671265,0.22761332988739,24.319393157959,2.26602935791016,5.97517395019531,35.8131675720215,0.102582536637783,0.050297737121582,0.115985289216042,0.0510837510228157,0.170118570327759,0.274973809719086,0.103051632642746,0.140787124633789,0.489666938781738,0.208954811096191,0.210862219333649,0.15252123773098,0.105480782687664,0.470923900604248,0.135589569807053,0.205979749560356,0.391346424818039,0.189271062612534,0.104020453989506,0.224457696080208,4.77960485760413
2,"neutral",0.303205221891403,5.99341487884521,0.274242728948593,33.066822052002,3.26901459693909,7.28803062438965,39.8398590087891,0.545608401298523,0.387015491724014,0.161678209900856,0.245132878422737,0.610584914684296,0.666666686534882,0.336865097284317,0.407222867012024,0.589519679546356,0.483532905578613,0.500428199768066,0.289022743701935,0.434401243925095,0.3984375,0.363230973482132,0.290635108947754,0.747444868087769,0.352010041475296,0.0795415043830872,0.379026621580124,23.6908669690331,0.536156475543976,16.1745166778564,1.23296248912811,33.1960334777832,2.26602935791016,23.9116821289062,38.2181968688965,0.0891552045941353,0.0908627063035965,0.080697275698185,0.0342766754329205,0.228250443935394,0.458867102861404,0.0906585976481438,0.354915052652359,0.484948396682739,0.240952968597412,0.130662143230438,0.153249323368073,0.0889114737510681,0.4777911901474,0.109223783016205,0.165183901786804,0.33471468091011,0.174493402242661,0.0364872552454472,0.323724836111069,5.72577682221484
3,"neutral",0.373049050569534,0.910881578922272,0.395525127649307,23.9616031646729,0.578616499900818,4.54763603210449,51.8403625488281,0.397485464811325,0.203770130872726,0.1707494109869,0.294746339321136,0.394313007593155,0.419753074645996,0.229282766580582,0.371300965547562,0.926470577716827,0.627930104732513,0.526473939418793,0.494110971689224,0.484722584486008,0.131979689002037,0.504372000694275,0.381771832704544,0.506871581077576,0.352010041475296,0.180198222398758,0.140098407864571,20.7773180433279,2.63217854499817,2.58888578414917,1.23296248912811,33.1960334777832,3.30375695228577,16.1209392547607,38.2181968688965,0.0891552045941353,0.118094824254513,0.11816132068634,0.0553779229521751,0.157935008406639,0.458867102861404,0.113502264022827,0.279470682144165,0,0.238368719816208,0.104520007967949,0.145939379930496,0.0758960992097855,0.485977023839951,0.135069340467453,0.166065722703934,0.358363121747971,0.184300377964973,0.128591477870941,0.151025965809822,2.86069529538421
4,"neutral",0.0891411453485489,0.00522781582549214,0.0787038058042526,6.84289121627808,0.213470503687859,21.2752532958984,75.9125366210938,0.461101055145264,0.22537662088871,0.249061867594719,0.294746339321136,0.240029543638229,0.554878056049347,0.167651623487473,0.350031584501266,0.818181812763214,0.222702994942665,0.500428199768066,0.427932590246201,0.466002643108368,0.177536234259605,0.467420250177383,0.214897379279137,0.808484315872192,0.505754113197327,0.158125519752502,0.259960055351257,21.3497280831539,0.536156475543976,0.00623595854267478,0.339181452989578,12.1762638092041,0.282111406326294,24.5613136291504,35.8131675720215,0.0878106579184532,0.0924903228878975,0.0952279716730118,0.0569560751318932,0.144092977046967,0.305870413780212,0.0857343226671219,0.324856817722321,0.378888875246048,0.162227213382721,0.149564325809479,0.153581127524376,0.0858591794967651,0.447751700878143,0.14061763882637,0.173622712492943,0.303169578313828,0.232445299625397,0.0953458547592163,0.198187291622162,5.30395228354689
5,"neutral",3.19828581809998,8.53044319152832,0.748590230941772,34.0228462219238,1.5870817899704,4.91770553588867,64.0376434326172,0.613218724727631,0.354744076728821,0.133968681097031,0.353767871856689,0.328718096017838,0.462184876203537,0.204698011279106,0.224548205733299,0.209580838680267,0.271152645349503,0.591326713562012,0.472992599010468,0.515066087245941,0.177536234259605,0.383585751056671,0.320757269859314,0.506871581077576,0.243426442146301,0.0767852813005447,0.156936675310135,24.8333285720033,3.18013215065002,23.1445198059082,3.96170544624329,32.7401466369629,3.28427910804749,8.01134967803955,29.3234176635742,0.108662471175194,0.0692348405718803,0.0489209145307541,0.0773973315954208,0.208483055233955,0.470057994127274,0.118487104773521,0.231273829936981,0.497150212526321,0.20019257068634,0.149564325809479,0.154874861240387,0.102566577494144,0.447751700878143,0.105946063995361,0.149402290582657,0.371816426515579,0.166644543409348,0.0964058265089989,0.256542772054672,5.51126399845553
6,"neutral",0.373049050569534,0.315106570720673,0.495719134807587,3.7690737247467,0.578616499900818,11.4526510238647,53.3384666442871,0.414700895547867,0.576106250286102,0.176900312304497,0.389360576868057,0.328718096017838,0.341317355632782,0.250000059604645,0.203765377402306,0.614035069942474,0.160817176103592,0.392989128828049,0.406484872102737,0.357026070356369,0.388663977384567,0.307173639535904,0.186317473649979,0.899168014526367,0.700251877307892,0.0599103756248951,0.259960055351257,29.411351251984,0.66615217924118,0.7633838057518,2.23943114280701,20.9654808044434,0.351165473461151,23.1115703582764,29.3234176635742,0.0984807386994362,0.129483193159103,0.0471058525145054,0.130948096513748,0.0944856405258179,0.491485953330994,0.0383840911090374,0.3162781894207,0.402139663696289,0.172041937708855,0.148803442716599,0.152101337909698,0.101167730987072,0.484367668628693,0.118665777146816,0.176843658089638,0.21333634853363,0.2127366065979,0.0409923493862152,0.256542772054672,5.84458388170165
7,"neutral",2.48021173477173,0.345881223678589,0.748590230941772,3.7690737247467,0.213470503687859,23.521448135376,82.211540222168,0.371255189180374,0.377912729978561,0.118736252188683,0.321015149354935,0.199534043669701,0.0476190485060215,0.225721389055252,0.124274015426636,0.625,0.16062781214714,0.307091981172562,0.494110971689224,0.444983243942261,0.131979689002037,0.467420250177383,0.214897379279137,0.686950027942657,0.427121549844742,0.037625253200531,0.105351470410824,22.3353302327601,3.18013215065002,5.71021175384521,2.49483585357666,20.1290740966797,0.336811006069183,24.7189311981201,37.2949676513672,0.0717127248644829,0.0980174839496612,0.0832471624016762,0.0773973315954208,0.130313232541084,0.498501420021057,0.0932609140872955,0.229076057672501,0.488252073526383,0.174889579415321,0.130662143230438,0.174143210053444,0.0676088035106659,0.325877517461777,0.109223783016205,0.115794196724892,0.319908291101456,0.174858838319778,0.0231108386069536,0.168308854103088,2.71888015548378
8,"neutral",0.303205221891403,0.573177576065063,0.511451005935669,27.9643592834473,0.37355437874794,63.751091003418,51.8403625488281,0.45733168721199,0.504028558731079,0.0854221731424332,0.305791795253754,0.361826479434967,0.589108884334564,0.204698011279106,0.196462914347649,0.600000023841858,0.322703719139099,0.456103503704071,0.289022743701935,0.459468752145767,0.388663977384567,0.406048238277435,0.174241691827774,0.74326491355896,0.499903589487076,0.0756400302052498,0.360780209302902,28.6033962868426,1.1184196472168,4.10145378112793,0.358043223619461,38.8573455810547,0.282111406326294,31.8461952209473,32.6180152893066,0.0610511265695095,0.0908627063035965,0.0471058525145054,0.0510837510228157,0.260835617780685,0.494537055492401,0.0649064257740974,0.279470682144165,0.495619803667068,0.238368719816208,0.148803442716599,0.149536281824112,0.0758960992097855,0.500867486000061,0.0973638519644737,0.110785216093063,0.303169578313828,0.21687713265419,0.0364872552454472,0.198187291622162,6.42256324773365
9,"neutral",1.45729756355286,0.150139316916466,0.31736409664154,3.7690737247467,0.0827523097395897,27.2348899841309,82.211540222168,0.588850021362305,0.395203590393066,0.249061867594719,0.389360576868057,0.152578070759773,0.0476190485060215,0.127814590930939,0.0544153116643429,0.793522238731384,0.138085782527924,0.307091981172562,0.313266158103943,0.357026070356369,0.120418846607208,0.357362270355225,0.0746064260601997,0.899168014526367,0.495268642902374,0.100133657455444,0.198779582977295,27.8955031176577,5.63741493225098,0.00623595854267478,2.31468200683594,11.3187646865845,0.307355284690857,28.7110443115234,31.9708213806152,0.0717127248644829,0.0941164568066597,0.079643227159977,0.0552833937108517,0.0741548091173172,0.41412690281868,0.067548356950283,0.140568867325783,0.418560534715652,0.174889579415321,0.159277707338333,0.15252123773098,0.0903707444667816,0.341853320598602,0.104004912078381,0.172164246439934,0.287037551403046,0.21687713265419,0.0753166899085045,0.322277277708054,5.87720329706147
10,"neutral",2.42806005477905,0.315106570720673,0.511451005935669,62.2018775939941,0.37355437874794,4.54763603210449,21.2179641723633,0.414700895547867,0.310905307531357,0.0582181513309479,0.394273012876511,0.610584914684296,0.198924735188484,0.318038910627365,0.12763737142086,0.90793651342392,0.294498264789581,0.456103503704071,0.614819169044495,0.478720158338547,0.503105580806732,0.467420250177383,0.257308632135391,0.668013632297516,0.435564041137695,0.100133657455444,0.173028901219368,23.6908669690331,4.12504434585571,1.72929120063782,1.77946102619171,31.8685550689697,0.307355284690857,15.6624021530151,30.2805042266846,0.122473537921906,0.117844179272652,0.080697275698185,0.104485884308815,0.130313232541084,0.274973809719086,0.103051632642746,0.184929862618446,0.261484652757645,0.190573811531067,0.161797121167183,0.184811636805534,0.12031090259552,0.470923900604248,0.185278087854385,0.192588597536087,0.371816426515579,0.199545845389366,0.0920470133423805,0.151025965809822,4.61386989443489
11,"neutral",2.42806005477905,2.75349259376526,0.905198454856873,22.0145225524902,1.84049689769745,3.30035614967346,75.9125366210938,0.606658816337585,0.256338238716125,0.24334691464901,0.337422221899033,0.195583313703537,0.09375,0.281479269266129,0.0836447700858116,0.589519679546356,0.16062781214714,0.49576011300087,0.446284830570221,0.56003987789154,0.0891089141368866,0.504466652870178,0.310931175947189,0.506871581077576,0.278087556362152,0.145398929715157,0.0961238667368889,21.079919600769,7.46473264694214,1.98943614959717,2.50400710105896,20.9654808044434,0.531482100486755,8.12248706817627,28.5178337097168,0.0964836999773979,0.0873635113239288,0.197211936116219,0.093973696231842,0.164392486214638,0.498561471700668,0.142068266868591,0.129913404583931,0.495619803667068,0.208954811096191,0.210862219333649,0.164781749248505,0.0854053571820259,0.339331030845642,0.123274601995945,0.205979749560356,0.324424028396606,0.151316225528717,0.173793718218803,0.267330825328827,4.25944193054552
12,"neutral",1.45729756355286,0.608424186706543,0.511451005935669,6.84289121627808,0.163875207304955,9.22488689422607,80.9843444824219,0.399645775556564,0.203770130872726,0.262130260467529,0.263373017311096,0.152578070759773,0.345454543828964,0.200913041830063,0.0544153116643429,0.429319381713867,0.211053922772408,0.371238261461258,0.566928327083588,0.494650840759277,0.0698412731289864,0.480445325374603,0.20247383415699,0.684343874454498,0.352010041475296,0.283523291349411,0.296704024076462,20.2915366899184,5.63741493225098,1.95298528671265,2.50400710105896,9.43484592437744,0.531482100486755,24.5613136291504,29.4772148132324,0.0717127248644829,0.0692348405718803,0.080697275698185,0.041217740625143,0.0741548091173172,0.441604226827622,0.103714309632778,0.140787124633789,0.495628207921982,0.122434332966805,0.129374071955681,0.15252123773098,0.0818464607000351,0.213421314954758,0.0973638519644737,0.173622712492943,0.371816426515579,0.212968528270721,0.168865516781807,0.283587992191315,4.19520581700248
13,"neutral",0.476523607969284,8.53044319152832,0.0809798613190651,82.3859786987305,0.195752486586571,3.8769805431366,39.6037292480469,0.501150131225586,0.32856360077858,0.065500795841217,0.393753409385681,0.581807315349579,0.554655849933624,0.307890713214874,0.371300965547562,0.572463750839233,0.852109551429749,0.82877904176712,0.629843533039093,0.386828899383545,0.503105580806732,0.408910840749741,0.320757269859314,0.788074016571045,0.409576058387756,0.10250036418438,0.162074908614159,25.0619275415594,1.26725435256958,14.0972585678101,0.945630431175232,38.8573455810547,1.98024022579193,12.8386859893799,32.6947021484375,0.0794240012764931,0.101482912898064,0.0818243026733398,0.136448383331299,0.260835617780685,0.462726473808289,0.137021377682686,0.310622841119766,0.488252073526383,0.20019257068634,0.0950834304094315,0.158260703086853,0.101167730987072,0.440920531749725,0.11948699504137,0.138888344168663,0.314803749322891,0.171745523810387,0.103892497718334,0.210704773664474,6.12312132248074
14,"neutral",4.88016223907471,0.910881578922272,2.57772445678711,30.7265548706055,1.5870817899704,20.0014228820801,23.1038074493408,0.588850021362305,0.20354962348938,0.434539884328842,0.28831335902214,0.3592109978199,0.550218343734741,0.229282766580582,0.369656294584274,0.827160477638245,0.470740497112274,0.505173563957214,0.591755747795105,0.455810457468033,0.591666638851166,0.425305992364883,0.20247383415699,0.850582182407379,0.539283275604248,0.147255107760429,0.18756690621376,29.411351251984,4.12504434585571,0.7633838057518,7.3743052482605,17.4537181854248,5.93222713470459,24.8533916473389,27.8443794250488,0.128874003887177,0.0941164568066597,0.199063330888748,0.093973696231842,0.157935008406639,0.274973809719086,0.103714309632778,0.229076057672501,0.402139663696289,0.172041937708855,0.15504951775074,0.17942900955677,0.126770079135895,0.339331030845642,0.131179213523865,0.206859901547432,0.314803749322891,0.2127366065979,0.166766315698624,0.210704773664474,6.11628191727562
15,"neutral",2.54950594902039,9.04178524017334,2.61323881149292,13.1361255645752,1.84049689769745,14.1600570678711,55.7511863708496,0.758997082710266,0.504028558731079,0.249061867594719,0.445137441158295,0.404578059911728,0.427450984716415,0.191008523106575,0.215411499142647,0.4426229596138,0.160817176103592,0.456103503704071,0.596422493457794,0.386828899383545,0.196428567171097,0.507788002490997,0.214897379279137,0.850582182407379,0.495268642902374,0.0640180334448814,0.121903724968433,23.6908669690331,1.26725435256958,19.8588886260986,4.33633756637573,17.4537181854248,4.31247806549072,24.5613136291504,28.5178337097168,0.105251826345921,0.179374024271965,0.11816132068634,0.158609583973885,0.130313232541084,0.472389698028564,0.0903968662023544,0.298383474349976,0.261484652757645,0.190573811531067,0.149564325809479,0.160296007990837,0.101834513247013,0.479168474674225,0.104004912078381,0.183715134859085,0.21333634853363,0.212968528270721,0.0768404603004456,0.323724836111069,5.84458388170165
16,"neutral",2.42806005477905,0.910881578922272,0.0746360942721367,54.2616004943848,0.197708532214165,14.1600570678711,65.5232620239258,0.371255189180374,0.210109576582909,0.17260268330574,0.375473976135254,0.199534043669701,0.103825137019157,0.167651623487473,0.0956824794411659,0.774891793727875,0.271152645349503,0.501327216625214,0.614819169044495,0.460379213094711,0.255255252122879,0.442025065422058,0.320757269859314,0.506871581077576,0.336990922689438,0.158125519752502,0.105351470410824,18.1010448105041,1.36320877075195,2.68401193618774,0.104310534894466,38.8573455810547,0.531482100486755,10.9865474700928,33.8815002441406,0.094856783747673,0.0855199471116066,0.076992079615593,0.0569560751318932,0.234747380018234,0.305870413780212,0.113502264022827,0.298383474349976,0.418560534715652,0.257264524698257,0.158595979213715,0.139117151498795,0.0984059423208237,0.448083877563477,0.11948699504137,0.157350718975067,0.370551377534866,0.176963776350021,0.103892497718334,0.183963656425476,5.72577682221484
17,"neutral",0.303205221891403,2.75349259376526,0.203383356332779,11.6881284713745,0.190046861767769,11.3340835571289,44.5865745544434,0.397485464811325,0.424601525068283,0.179998308420181,0.28831335902214,0.297346174716949,0.0818713456392288,0.200913041830063,0.17638772726059,0.774891793727875,0.397356301546097,0.309027761220932,0.531607985496521,0.357026070356369,0.5545454621315,0.307173639535904,0.118578739464283,0.899168014526367,0.269085317850113,0.145398929715157,0.0922893211245537,28.6033962868426,0.536156475543976,6.93372011184692,0.804797649383545,20.9654808044434,1.98024022579193,8.254075050354,10.5590400695801,0.0871696099638939,0.117844179272652,0.0818243026733398,0.093973696231842,0.210876822471619,0.441590458154678,0.0932609140872955,0.324856817722321,0.488252073526383,0.238368719816208,0.158405140042305,0.199493393301964,0.101167730987072,0.382816016674042,0.151315629482269,0.119380258023739,0.329094618558884,0.179937586188316,0.0920470133423805,0.248809248209,5.13241392192532
18,"neutral",0.39577442407608,8.65138912200928,0.519557416439056,90.3598709106445,0.725881814956665,9.08219242095947,4.09589958190918,0.397485464811325,0.273227363824844,0.148772731423378,0.341490387916565,0.772262871265411,0.701863348484039,0.310746610164642,0.616462290287018,0.807106614112854,0.852109551429749,0.82877904176712,0.531607985496521,0.413749635219574,0.670588254928589,0.529756247997284,0.27070552110672,0.808484315872192,0.499903589487076,0.174655124545097,0.101132564246655,28.6033962868426,0.607969164848328,7.98055076599121,7.3743052482605,38.8269348144531,4.1027569770813,8.12248706817627,30.1458473205566,0.0871696099638939,0.122455880045891,0.12801368534565,0.092831127345562,0.248173162341118,0.499618679285049,0.207974389195442,0.379769206047058,0.402139663696289,0.31458243727684,0.0950834304094315,0.150300890207291,0.0984059423208237,0.492552608251572,0.166294321417809,0.192588597536087,0.31368562579155,0.160511747002602,0.0709656998515129,0.0646525323390961,5.72577682221484
19,"neutral",1.45729756355286,33.8999557495117,1.388352394104,65.1606979370117,0.624973237514496,25.8578777313232,13.2695255279541,0.312302649021149,0.192884117364883,0.232657268643379,0.403079718351364,0.660950362682343,0.735602080821991,0.288065373897552,0.559629619121552,0.600000023841858,0.766127407550812,0.52701610326767,0.629843533039093,0.423604100942612,1,0.513803243637085,0.174241691827774,0.899168014526367,0.692254483699799,0.158125519752502,0.145578160881996,29.2076707742323,1.1184196472168,23.1445198059082,2.23943114280701,40.0636749267578,4.31247806549072,24.7189311981201,41.2725868225098,0.103837326169014,0.0589243844151497,0.0952631533145904,0.158609583973885,0.248173162341118,0.493217885494232,0.099499523639679,0.354915052652359,0.498059660196304,0.326019048690796,0.151953011751175,0.189684435725212,0.105480782687664,0.479168474674225,0.166294321417809,0.149402290582657,0.306733787059784,0.176707059144974,0.168865516781807,0.322277277708054,7.4247089690684
20,"neutral",0.77331954240799,8.91611099243164,0.944696366786957,11.6881284713745,9.08156681060791,16.0201606750488,65.5232620239258,0.651932299137115,0.313789904117584,0.249061867594719,0.294746339321136,0.152578070759773,0.0695187151432037,0.280107617378235,0.136069238185883,0.589519679546356,0.16062781214714,0.371238261461258,0.672280967235565,0.537813127040863,0.0891089141368866,0.507788002490997,0.405417889356613,0.283281922340393,0.278087556362152,0.134261727333069,0.229236587882042,17.8069851874923,2.63217854499817,13.1314363479614,0.121816366910934,24.319393157959,5.93222713470459,12.8386859893799,30.9598789215088,0.0871696099638939,0.091541975736618,0.109531797468662,0.0601174421608448,0.205093830823898,0.470057994127274,0.184376254677772,0.184929862618446,0.492998570203781,0.275525718927383,0.158405140042305,0.150345116853714,0.0746762156486511,0.470923900604248,0.133648380637169,0.166065722703934,0.406911849975586,0.174858838319778,0.0753166899085045,0.281803816556931,4.25944193054552
21,"neutral",0.388066500425339,0.150139316916466,0.31736409664154,63.3750381469727,0.252713024616241,9.22488689422607,43.9019470214844,0.461101055145264,0.32856360077858,0.08568225055933,0.355596154928207,0.610584914684296,0.402597397565842,0.288065373897552,0.350031584501266,0.589519679546356,0.483532905578613,0.639526665210724,0.596422493457794,0.437305599451065,0.3984375,0.467420250177383,0.27070552110672,0.668013632297516,0.435564041137695,0.0661002844572067,0.580994486808777,20.2421711001496,0.159268781542778,0.7633838057518,2.08811497688293,24.319393157959,0.354507237672806,8.254075050354,26.6274108886719,0.0906725749373436,0.101482912898064,0.0747552886605263,0.122556567192078,0.135559186339378,0.498012900352478,0.0851239785552025,0.182129412889481,0.39557534456253,0.137783408164978,0.0742363780736923,0.154471457004547,0.0903707444667816,0.488436430692673,0.178490772843361,0.172232389450073,0.351950109004974,0.184300377964973,0.0753166899085045,0.342169314622879,3.98616715867982
22,"neutral",0.373049050569534,1.14195191860199,0.395525127649307,34.0228462219238,1.5870817899704,23.521448135376,16.252986907959,0.379875779151917,0.320481717586517,0.232657268643379,0.393753409385681,0.517975807189941,0.589108884334564,0.273953884840012,0.448987036943436,0.926470577716827,0.608706951141357,0.48500794172287,0.575946092605591,0.377901464700699,0.865853667259216,0.425305992364883,0.13221937417984,0.899168014526367,0.692254483699799,0.0731213018298149,0.290803849697113,25.9162938901046,1.36320877075195,2.58888578414917,0.358043223619461,38.8269348144531,4.31247806549072,34.3950729370117,35.8131675720215,0.128874003887177,0.0941164568066597,0.0952279716730118,0.092831127345562,0.248173162341118,0.491485953330994,0.0937055721879005,0.354915052652359,0.386574178934097,0.326019048690796,0.139178365468979,0.160296007990837,0.0858591794967651,0.501550376415253,0.135589569807053,0.119380258023739,0.306733787059784,0.184300377964973,0.0709656998515129,0.342169314622879,6.12312132248074
23,"neutral",0.890206694602966,2.75417137145996,0.0787038058042526,23.9616031646729,1.38003218173981,1.06064331531525,53.3384666442871,0.371255189180374,0.210109576582909,0.19378836452961,0.312754690647125,0.581807315349579,0.666666686534882,0.336865097284317,0.559629619121552,0.450980395078659,0.627778232097626,0.639526665210724,0.596422493457794,0.464655935764313,0.120418846607208,0.487932056188583,0.250929892063141,0.55204713344574,0.267718821763992,0.0756400302052498,0.145578160881996,25.0619275415594,1.626797914505,13.1314363479614,0.345426946878433,33.6462745666504,4.00478172302246,0.740455627441406,27.8443794250488,0.0668608024716377,0.050297737121582,0.0507841184735298,0.0552833937108517,0.205093830823898,0.500270783901215,0.0971295610070229,0.352718621492386,0.489666938781738,0.137783408164978,0.129374071955681,0.150345116853714,0.0818464607000351,0.25528484582901,0.123274601995945,0.160746350884438,0.391346424818039,0.170784637331963,0.0709656998515129,0.224457696080208,4.25345150098725
24,"neutral",3.19828581809998,6.3045334815979,0.0787038058042526,28.251256942749,0.420405507087708,12.890477180481,80.9843444824219,0.396082818508148,0.279740750789642,0.18387533724308,0.445137441158295,0.297346174716949,0.0476190485060215,0.214315041899681,0.12763737142086,0.564102590084076,0.16062781214714,0.48500794172287,0.581704556941986,0.496134430170059,0.255255252122879,0.467420250177383,0.399271756410599,0.283281922340393,0.191512048244476,0.134261727333069,0.0890336334705353,21.2528115313364,5.63741493225098,18.5079708099365,0.0220307596027851,32.7401466369629,0.44649413228035,18.9317436218262,35.8131675720215,0.095315232872963,0.091541975736618,0.197211936116219,0.146380960941315,0.210876822471619,0.213297694921494,0.132123291492462,0.298383474349976,0.402139663696289,0.257264524698257,0.179381623864174,0.153581127524376,0.0676088035106659,0.325877517461777,0.13554248213768,0.136255145072937,0.406911849975586,0.151316225528717,0.0951649770140648,0.0646525323390961,5.2145239546408
25,"neutral",7.6460976600647,1.94511771202087,2.61323881149292,7.0107913017273,2.32185459136963,4.91770553588867,80.9843444824219,0.601198434829712,0.424601525068283,0.176900312304497,0.312754690647125,0.199534043669701,0.203539818525314,0.280107617378235,0.0836447700858116,0.4426229596138,0.138085782527924,0.4899722635746,0.581704556941986,0.56003987789154,0.115044251084328,0.480445325374603,0.320757269859314,0.283281922340393,0.213692083954811,0.037625253200531,0.0961238667368889,21.5447448153905,14.1112518310547,2.04577398300171,6.30098867416382,12.1762638092041,3.28427910804749,24.5613136291504,35.8131675720215,0.0786075070500374,0.118472188711166,0.079643227159977,0.0569560751318932,0.135559186339378,0.403524309396744,0.117683090269566,0.129913404583931,0.497150212526321,0.221605286002159,0.15504951775074,0.127590775489807,0.0758960992097855,0.499290585517883,0.104004912078381,0.157350718975067,0.442284971475601,0.186289042234421,0.0231108386069536,0.256542772054672,5.46406309770254
26,"neutral",0.388066500425339,1.94511771202087,0.820124804973602,28.251256942749,1.33408546447754,3.8769805431366,21.2179641723633,0.527238249778748,0.387015491724014,0.149631232023239,0.341490387916565,0.610584914684296,0.419753074645996,0.280107617378235,0.225509837269783,0.752475261688232,0.627778232097626,0.591326713562012,0.596422493457794,0.377901464700699,0.670588254928589,0.504372000694275,0.38094973564148,0.747444868087769,0.427121549844742,0.145398929715157,0.10658773034811,24.8333285720033,0.536156475543976,11.6508026123047,5.75986480712891,18.836555480957,4.48045301437378,8.12248706817627,27.8443794250488,0.102582536637783,0.10395947098732,0.080697275698185,0.0981902778148651,0.164392486214638,0.462726473808289,0.0940961539745331,0.225721284747124,0.418560534715652,0.172041937708855,0.0951236039400101,0.127590775489807,0.100491389632225,0.470923900604248,0.119905665516853,0.176843658089638,0.292295008897781,0.174493402242661,0.0920470133423805,0.309071272611618,4.33144363085824
27,"neutral",0.77331954240799,1.7795592546463,0.212474465370178,33.066822052002,1.84049689769745,4.91770553588867,24.2271633148193,0.613218724727631,0.395203590393066,0.381826490163803,0.321015149354935,0.517975807189941,0.692307710647583,0.318038910627365,0.448987036943436,0.604166686534882,0.627930104732513,0.415830075740814,0.531607985496521,0.455810457468033,0.262032091617584,0.408910840749741,0.341080158948898,0.547039747238159,0.372350215911865,0.0525287501513958,0.379026621580124,22.4184904492284,1.1184196472168,13.5740728378296,0.945630431175232,27.4672298431396,4.48045301437378,8.12248706817627,30.2805042266846,0.0786075070500374,0.0969055816531181,0.0832471624016762,0.0342766754329205,0.144092977046967,0.491485953330994,0.0971295610070229,0.329196780920029,0.490317970514297,0.275525718927383,0.142285466194153,0.145939379930496,0.0889114737510681,0.447751700878143,0.114188842475414,0.138888344168663,0.370551377534866,0.171745523810387,0.0409923493862152,0.331769526004791,4.61386989443489
28,"neutral",2.42806005477905,0.904157936573029,0.132147610187531,65.4498977661133,0.441360145807266,2.61997938156128,28.5307426452637,0.545608401298523,0.210109576582909,0.238902688026428,0.28728261590004,0.645307838916779,0.452261298894882,0.336865097284317,0.431744068861008,0.881818175315857,0.627778232097626,0.501327216625214,0.566928327083588,0.434401243925095,0.71615719795227,0.622276961803436,0.186317473649979,0.814258456230164,0.687972128391266,0.180198222398758,0.379026621580124,23.9123295534063,1.09987998008728,2.04577398300171,0.804797649383545,30.1276760101318,2.26602935791016,16.1209392547607,28.367057800293,0.128236159682274,0.0969055816531181,0.186574831604958,0.0981902778148651,0.233751058578491,0.470057994127274,0.132581263780594,0.352718621492386,0.378888875246048,0.326019048690796,0.139178365468979,0.189684435725212,0.127045065164566,0.499290585517883,0.187791585922241,0.220520287752151,0.292295008897781,0.22148796916008,0.168865516781807,0.342169314622879,4.77960485760413
29,"neutral",0.77331954240799,0.608424186706543,1.4125292301178,7.79218673706055,0.190046861767769,48.935604095459,16.2305660247803,0.758997082710266,0.606232345104218,0.149631232023239,0.48834103345871,0.206214725971222,0.0476190485060215,0.127814590930939,0.0544153116643429,0.209580838680267,0.253859370946884,0.415830075740814,0.588903367519379,0.386828899383545,0.651282072067261,0.457375824451446,0.0746064260601997,0.886562168598175,0.692254483699799,0.122316293418407,0.105351470410824,27.7616582749737,1.36320877075195,2.04577398300171,1.23296248912811,30.1276760101318,0.307355284690857,34.3950729370117,32.6947021484375,0.0717127248644829,0.133228182792664,0.0471058525145054,0.158609583973885,0.206972047686577,0.213297694921494,0.0932609140872955,0.140568867325783,0.492998570203781,0.184753894805908,0.161763876676559,0.17942900955677,0.105480782687664,0.439482510089874,0.108228117227554,0.115794196724892,0.21640257537365,0.199545845389366,0.093820683658123,0.168308854103088,6.11628191727562
30,"neutral",1.45729756355286,0.958425939083099,0.274242728948593,65.1606979370117,0.163875207304955,26.5286426544189,50.356746673584,0.312302649021149,0.238091006875038,0.065500795841217,0.341490387916565,0.581807315349579,0.550218343734741,0.305956602096558,0.335803031921387,0.807106614112854,0.627930104732513,0.63387542963028,0.588903367519379,0.495512247085571,0.492647051811218,0.457375824451446,0.290635108947754,0.864853203296661,0.62063467502594,0.0923206508159638,0.293628245592117,26.8696920500066,1.43400192260742,2.04577398300171,0.945630431175232,33.6462745666504,0.354507237672806,23.9116821289062,31.7907104492188,0.0760016888380051,0.0692348405718803,0.0810462459921837,0.0772408694028854,0.202620685100555,0.498971074819565,0.117683090269566,0.259047478437424,0.43264639377594,0.23599311709404,0.0950834304094315,0.163008019328117,0.0984059423208237,0.499290585517883,0.119905665516853,0.191568747162819,0.345321953296661,0.171228885650635,0.06456358730793,0.248809248209,5.30395228354689
1,"happy",0.650940179824829,8.48210144042969,0.104265235364437,32.010799407959,0.510893821716309,0.246688455343246,31.5180473327637,0.291626006364822,0.301858246326447,0.116366878151894,0.347407519817352,0.618265330791473,0.468531459569931,0.290033668279648,0.629238307476044,0.575419008731842,0.794495046138763,0.563615024089813,0.574896395206451,0.407323658466339,0.473404258489609,0.346378028392792,0.193672209978104,0.787273287773132,0.429519593715668,0.0251904018223286,0.334739625453949,27.7914732802915,2.18934154510498,35.1765747070312,1.20460295677185,34.6316299438477,2.45324611663818,5.76051807403564,37.3017997741699,0.0796054601669312,0.100976087152958,0.049845814704895,0.0948406383395195,0.267469376325607,0.470088064670563,0.103786401450634,0.341909021139145,0.45273494720459,0.268430858850479,0.0937251299619675,0.159800931811333,0.102255672216415,0.500625371932983,0.162796750664711,0.149417251348495,0.380655109882355,0.188923686742783,0.0296361651271582,0.280062913894653,5.90592903108264
2,"happy",0.317539364099503,8.48210144042969,0.689514756202698,14.6833934783936,0.651028752326965,20.8781242370605,27.5300903320312,0.359156638383865,0.278807014226913,0.105681717395782,0.42524778842926,0.45048975944519,0.555555582046509,0.290033668279648,0.181225880980492,0.454545468091965,0.573264300823212,0.660235464572906,0.558398962020874,0.514466345310211,0.170542642474174,0.516759932041168,0.41146457195282,0.519059240818024,0.266270160675049,0.176623240113258,0.0820062533020973,19.6617399438133,0.439595609903336,16.3616790771484,0.323914676904678,14.3234195709229,1.3354172706604,28.5005054473877,34.04345703125,0.0986559763550758,0.0814441442489624,0.049845814704895,0.0594648234546184,0.108205273747444,0.437204778194427,0.0861807763576508,0.307087153196335,0.499191790819168,0.233356565237045,0.145321771502495,0.186986595392227,0.0876599922776222,0.42896243929863,0.0942147895693779,0.145860776305199,0.303826689720154,0.108987741172314,0.104218855500221,0.106197878718376,4.61272019414479
3,"happy",0.650940179824829,1.1137443780899,0.124546118080616,39.7618293762207,0.241598457098007,13.6710805892944,19.5337238311768,0.436993211507797,0.323206037282944,0.117134436964989,0.258832454681396,0.45048975944519,0.150837987661362,0.309348464012146,0.380720794200897,0.739726006984711,0.55229240655899,0.660235464572906,0.530202686786652,0.462323427200317,0.610000014305115,0.465084373950958,0.278601944446564,0.567819118499756,0.33398500084877,0.0800915583968163,0.323523312807083,20.7315365831782,0.370035499334335,1.91007030010223,0.202545642852783,28.9902973175049,0.481736123561859,13.9278297424316,28.8388595581055,0.11199576407671,0.111467003822327,0.0679795145988464,0.0415915139019489,0.108205273747444,0.498363345861435,0.0923780426383018,0.344484627246857,0.346134155988693,0.187979951500893,0.128965452313423,0.163700491189957,0.103761680424213,0.493023484945297,0.145480126142502,0.174359649419785,0.360036969184875,0.190617486834526,0.0791664496064186,0.257324993610382,4.69225922025295
4,"happy",0.294219672679901,3.18883681297302,0.104265235364437,15.8684043884277,0.195173263549805,33.409553527832,27.5300903320312,0.396566987037659,0.323206037282944,0.0664645433425903,0.353144913911819,0.45048975944519,0.468531459569931,0.256992489099503,0.380660623311996,0.616613447666168,0.450460612773895,0.660235464572906,0.585660934448242,0.423182129859924,0.694444417953491,0.465084373950958,0.102708250284195,0.845779061317444,0.640102565288544,0.0638787522912025,0.149989917874336,25.5765450188397,0.439595609903336,5.75836563110352,0.323914676904678,34.6316299438477,0.865660488605499,26.6222324371338,37.3017997741699,0.0796054601669312,0.0856599733233452,0.0341360159218311,0.0437589064240456,0.180161222815514,0.443562805652618,0.0649752765893936,0.29495233297348,0.468476504087448,0.243596762418747,0.146994486451149,0.207359820604324,0.0982398986816406,0.500625371932983,0.154385015368462,0.148750588297844,0.258729308843613,0.210642471909523,0.0765951201319695,0.307593762874603,7.9081882390205
5,"happy",0.660186171531677,3.18883681297302,1.40758728981018,29.0975341796875,2.09320378303528,1.95864295959473,32.3070793151855,0.405285626649857,0.212330505251884,0.231051042675972,0.353144913911819,0.634650647640228,0.555555582046509,0.256992489099503,0.380814790725708,0.769696950912476,0.735185027122498,0.544619083404541,0.583176732063293,0.39902451634407,0.213043481111526,0.451856970787048,0.314077794551849,0.743307113647461,0.297938525676727,0.130798682570457,0.12832947075367,20.7315365831782,3.54311227798462,16.6115245819092,6.17698431015015,33.8886260986328,9.37218952178955,24.6504688262939,34.8273773193359,0.0889032036066055,0.08632942289114,0.109379097819328,0.120808243751526,0.22839418053627,0.470088064670563,0.121481329202652,0.301905006170273,0.454222857952118,0.244578972458839,0.129224181175232,0.136333107948303,0.0931275710463524,0.477879464626312,0.101837508380413,0.188643932342529,0.359180867671966,0.151989996433258,0.0946304500102997,0.233765423297882,2.18520187146855
6,"happy",0.192571133375168,36.4518623352051,0.396546900272369,15.8684043884277,0.406089812517166,37.9110107421875,27.5300903320312,0.535151779651642,0.275747388601303,0.312937915325165,0.419972121715546,0.193302288651466,0.472972959280014,0.168692037463188,0.425746917724609,0.717391312122345,0.244126200675964,0.503962755203247,0.682281613349915,0.407323658466339,0.694444417953491,0.588203251361847,0.102708250284195,0.874107122421265,0.640157282352448,0.123535469174385,0.0691192373633385,26.1430111234537,0.500232458114624,18.9143409729004,2.17506122589111,14.3234195709229,0.865660488605499,28.5005054473877,11.1669702529907,0.10665088891983,0.0605912506580353,0.0755532085895538,0.0990503430366516,0.163643404841423,0.498892575502396,0.0923780426383018,0.160643145442009,0.501367270946503,0.228814169764519,0.185779988765717,0.207359820604324,0.0871703177690506,0.330794364213943,0.125199988484383,0.113300234079361,0.218387469649315,0.205653890967369,0.148716062307358,0.272970408201218,6.53598468726563
7,"happy",0.438958555459976,2.03590750694275,0.607114672660828,79.582275390625,2.09320378303528,17.7137012481689,5.95091676712036,0.630733728408813,0.332483887672424,0.242452785372734,0.372559547424316,0.45048975944519,0.589743614196777,0.290033668279648,0.380814790725708,0.427145719528198,0.585657835006714,0.660235464572906,0.699499189853668,0.39902451634407,0.994219660758972,0.589431643486023,0.218350782990456,0.858321189880371,0.397034734487534,0.0675259903073311,0.149989917874336,25.5765450188397,0.853614687919617,3.8827850818634,1.00246548652649,40.9458122253418,2.45324611663818,13.9278297424316,30.3735466003418,0.104603059589863,0.0605912506580353,0.112597890198231,0.113940723240376,0.295608013868332,0.499191790819168,0.138834282755852,0.341909021139145,0.471399128437042,0.299953728914261,0.169947803020477,0.207359820604324,0.125801593065262,0.377575129270554,0.144096702337265,0.14086788892746,0.380655109882355,0.210642471909523,0.0946304500102997,0.200111016631126,7.9081882390205
8,"happy",1.01049876213074,0.995947301387787,1.83365547657013,44.4869270324707,0.736815214157104,37.9110107421875,20.5959129333496,0.496787458658218,0.516881823539734,0.0664645433425903,0.461024254560471,0.431870192289352,0.444444447755814,0.250583320856094,0.442089349031448,0.593220353126526,0.723008275032043,0.70111745595932,0.532172381877899,0.460758328437805,0.473404258489609,0.514315962791443,0.137808293104172,0.807627379894257,0.441664725542068,0.176623240113258,0.0549702271819115,24.2896003732646,4.42854595184326,5.33693647384644,2.70314908027649,35.5245704650879,4.75106334686279,30.4004039764404,11.1669702529907,0.10665088891983,0.08632942289114,0.0341360159218311,0.132420212030411,0.108205273747444,0.31085342168808,0.105012737214565,0.328234225511551,0.496478527784348,0.243596762418747,0.171853736042976,0.198185011744499,0.100853510200977,0.489095270633698,0.115841776132584,0.113300234079361,0.218822613358498,0.168279677629471,0.168676406145096,0.093909502029419,5.36431376961442
9,"happy",0.585817635059357,9.07385730743408,1.40758728981018,58.5747337341309,0.241598457098007,17.7137012481689,20.5959129333496,0.602813720703125,0.378441661596298,0.181125521659851,0.399686425924301,0.688424646854401,0.71257483959198,0.264270126819611,0.637519538402557,0.395348846912384,0.440099895000458,0.474513560533524,0.647852182388306,0.362649708986282,0.994219660758972,0.444676071405411,0.0997918471693993,0.890349626541138,0.731872975826263,0.0251904018223286,0.0820062533020973,31.349129702259,0.600005030632019,35.1765747070312,1.94034147262573,35.7903366088867,0.701844274997711,25.6561374664307,28.3267993927002,0.104603059589863,0.051094189286232,0.0755532085895538,0.0990503430366516,0.295608013868332,0.502620935440063,0.119921945035458,0.364134937524796,0.500970304012299,0.349536210298538,0.185779988765717,0.207359820604324,0.118449069559574,0.493023484945297,0.162796750664711,0.145860776305199,0.218387469649315,0.276841580867767,0.0296361651271582,0.215726181864738,7.62202461573626
10,"happy",0.13411982357502,0.276746928691864,0.396546900272369,12.7775821685791,0.406089812517166,11.952356338501,39.2848892211914,0.507252275943756,0.287930190563202,0.264381289482117,0.341537088155746,0.292854577302933,0.454545468091965,0.208992809057236,0.425746917724609,0.892473101615906,0.283612996339798,0.356060266494751,0.448576718568802,0.362649708986282,0.401433706283569,0.346378028392792,0.278601944446564,0.675764679908752,0.523359417915344,0.0553872026503086,0.365100294351578,25.6209656423771,0.370035499334335,3.8827850818634,0.202545642852783,31.221170425415,1.3354172706604,7.60138607025146,34.8273773193359,0.11199576407671,0.153164938092232,0.0996454209089279,0.0562901683151722,0.164358794689178,0.453013867139816,0.0923780426383018,0.188108012080193,0.454222857952118,0.253637254238129,0.145321771502495,0.159800931811333,0.102255672216415,0.225014373660088,0.145480126142502,0.145860776305199,0.321581214666367,0.176865264773369,0.082427941262722,0.237250685691833,6.53598468726563
11,"happy",2.67105984687805,13.7468748092651,0.0405542775988579,68.372444152832,0.736815214157104,0.246688455343246,39.8349647521973,0.396566987037659,0.220087647438049,0.128527298569679,0.294024646282196,0.501398086547852,0.255319148302078,0.331778645515442,0.389212518930435,0.593220353126526,0.516017198562622,0.542488157749176,0.452515751123428,0.387807846069336,0.610000014305115,0.432641297578812,0.218350782990456,0.738351404666901,0.397034734487534,0.0668789595365524,0.28763347864151,23.3046002949956,7.54301834106445,19.5776596069336,0.247710019350052,41.8740463256836,2.0423731803894,6.69677639007568,41.4713478088379,0.10597862303257,0.0702943280339241,0.112597890198231,0.0948406383395195,0.295608013868332,0.490572959184647,0.170169711112976,0.302055507898331,0.454222857952118,0.33484274148941,0.172886356711388,0.143670633435249,0.0989726483821869,0.492041915655136,0.123647302389145,0.174359649419785,0.394565314054489,0.196511805057526,0.0605984404683113,0.342292368412018,5.23915631296734
12,"happy",2.0261287689209,13.7468748092651,0.687327206134796,79.582275390625,0.241598457098007,13.6710805892944,20.5959129333496,0.375778287649155,0.265041172504425,0.176139265298843,0.309139132499695,0.736218273639679,0.802259862422943,0.512643277645111,0.401613533496857,0.472222208976746,0.723008275032043,0.660235464572906,0.582023799419403,0.39902451634407,0.994219660758972,0.444676071405411,0.131779327988625,0.874107122421265,0.523359417915344,0.0270378142595291,0.255852729082108,38.5148188252281,1.82902944087982,16.6115245819092,2.11259031295776,41.8740463256836,0.701844274997711,18.0720691680908,37.0350303649902,0.0566560998558998,0.0480513945221901,0.0783967450261116,0.0408169515430927,0.295608013868332,0.500114500522614,0.170169711112976,0.37589904665947,0.471399128437042,0.299953728914261,0.145321771502495,0.164672210812569,0.0989726483821869,0.500625371932983,0.152825906872749,0.149417251348495,0.303826689720154,0.190617486834526,0.0605984404683113,0.280062913894653,5.90592903108264
13,"happy",0.414166957139969,0.170408695936203,0.607114672660828,12.1418132781982,0.651028752326965,13.5754728317261,57.6634750366211,0.630733728408813,0.568277716636658,0.163345754146576,0.353144913911819,0.292854577302933,0.448028683662415,0.17337067425251,0.0706333667039871,0.867052018642426,0.440099895000458,0.505595266819,0.499873369932175,0.462323427200317,0.157575756311417,0.508679986000061,0.244694530963898,0.49107226729393,0.266270160675049,0.135505676269531,0.114386178553104,25.3802591505314,1.40345656871796,1.08311057090759,1.99372041225433,20.9139022827148,0.863758683204651,21.5753288269043,11.1669702529907,0.086216427385807,0.153164938092232,0.0679795145988464,0.0990503430366516,0.145249366760254,0.399424999952316,0.0923780426383018,0.302055507898331,0.422308444976807,0.105081833899021,0.135415121912956,0.120413839817047,0.0677707567811012,0.229092463850975,0.0942147895693779,0.174359649419785,0.355278730392456,0.167161926627159,0.12446004152298,0.199540212750435,2.12868555274342
14,"happy",1.55937194824219,8.9413890838623,0.104265235364437,1.58526027202606,0.736815214157104,10.7105798721313,80.5651168823242,0.360919743776321,0.195806547999382,0.312937915325165,0.227318167686462,0.292854577302933,0.555555582046509,0.246427372097969,0.371862828731537,0.454545468091965,0.283612996339798,0.291666179895401,0.495471209287643,0.451206207275391,0.0552995391190052,0.346378028392792,0.149635314941406,0.636556446552277,0.640102565288544,0.0800915583968163,0.323523312807083,28.5982164747079,7.54301834106445,5.83962869644165,0.432875454425812,25.5481071472168,0.499438732862472,28.5005054473877,30.4114780426025,0.0811860784888268,0.123676523566246,0.120309814810753,0.0257807746529579,0.201187148690224,0.43179127573967,0.0875667333602905,0.227616250514984,0.501367270946503,0.228488981723785,0.170426040887833,0.169745355844498,0.100853510200977,0.474541485309601,0.13635216653347,0.178591415286064,0.346381366252899,0.219613745808601,0.0672385692596436,0.272970408201218,6.4319471584401
15,"happy",0.278898596763611,36.4518623352051,2.47567701339722,10.785493850708,1.75700008869171,13.6710805892944,46.9772148132324,0.675353348255157,0.28633975982666,0.483810693025589,0.315047860145569,0.282094120979309,0.71257483959198,0.17337067425251,0.0706333667039871,0.601769924163818,0.278759121894836,0.42935574054718,0.632232010364532,0.43973109126091,0.262569844722748,0.514315962791443,0.278601944446564,0.778304755687714,0.640157282352448,0.269400417804718,0.325745701789856,23.3046002949956,1.54560601711273,16.3616790771484,8.81132411956787,28.2993717193604,2.34274172782898,28.5005054473877,28.7627296447754,0.165657117962837,0.0856599733233452,0.144163176417351,0.0661827251315117,0.236275807023048,0.490572959184647,0.114422671496868,0.205147445201874,0.491713911294937,0.268430858850479,0.185779988765717,0.159800931811333,0.0910211727023125,0.489878863096237,0.123591490089893,0.174359649419785,0.224970653653145,0.276841580867767,0.101792827248573,0.344444423913956,5.3490928465902
16,"happy",0.278898596763611,0.0251270364969969,0.700219333171844,64.210334777832,0.493759959936142,3.43135762214661,39.8349647521973,0.453060388565063,0.378441661596298,0.0664645433425903,0.332819759845734,0.607749462127686,0.159574463963509,0.267229557037354,0.425746917724609,0.867052018642426,0.585657835006714,0.556885242462158,0.583176732063293,0.425997853279114,0.473404258489609,0.444676071405411,0.218350782990456,0.688244342803955,0.310507655143738,0.0553872026503086,0.150289729237556,23.6478548002493,1.09957993030548,1.91747236251831,8.81132411956787,27.9024391174316,1.07255125045776,7.38478374481201,30.0970363616943,0.104744225740433,0.140591353178024,0.0341360159218311,0.101277627050877,0.267469376325607,0.493146270513535,0.110759042203426,0.352292835712433,0.45273494720459,0.253637254238129,0.0996650755405426,0.166097939014435,0.0931275710463524,0.492041915655136,0.160347938537598,0.174359649419785,0.35476154088974,0.191118344664574,0.0672385692596436,0.307593762874603,5.36431376961442
17,"happy",0.294219672679901,1.27626812458038,0.640911400318146,12.7775821685791,0.171032100915909,12.1577234268188,81.8671035766602,0.538336217403412,0.278800487518311,0.209224492311478,0.395143896341324,0.31850129365921,0.444444447755814,0.168692037463188,0.207715675234795,0.593220353126526,0.407495647668839,0.461213171482086,0.574896395206451,0.46366012096405,0.425641030073166,0.588203251361847,0.193672209978104,0.743307113647461,0.640102565288544,0.0621319338679314,0.0549702271819115,24.8064832619366,0.370035499334335,0.88229501247406,4.97282457351685,34.6316299438477,0.481736123561859,26.6222324371338,37.0350303649902,0.0778314620256424,0.10290652513504,0.108281448483467,0.120808243751526,0.180161222815514,0.502620935440063,0.139078676700592,0.186602100729942,0.495158195495606,0.173380166292191,0.169947803020477,0.207359820604324,0.0876599922776222,0.229092463850975,0.154385015368462,0.14086788892746,0.271882921457291,0.188923686742783,0.0765951201319695,0.176470428705215,5.101543505208
18,"happy",0.730912089347839,0.0251270364969969,0.0405542775988579,12.7775821685791,0.406089812517166,43.8928070068359,80.5651168823242,0.626776456832886,0.271582335233688,0.116366878151894,0.294024646282196,0.240060463547707,0.0602409653365612,0.212721779942513,0.0495794340968132,0.472222208976746,0.188439011573792,0.373944729566574,0.317092537879944,0.542281985282898,0.0253164563328028,0.451856970787048,0.415535658597946,0.45490375161171,0.264873504638672,0.288315206766129,0.149989917874336,19.6202498948236,4.41778373718262,0.00936399307101965,0.495009779930115,3.79187178611755,0.865660488605499,27.753963470459,21.6919898986816,0.12275143712759,0.140591353178024,0.0386336408555508,0.0501630902290344,0.0842693150043488,0.238652661442757,0.0649752765893936,0.0973305553197861,0.290081858634949,0.0918877050280571,0.135415121912956,0.120413839817047,0.0927606746554375,0.229092463850975,0.0822340473532677,0.178591415286064,0.380655109882355,0.166167795658112,0.159514605998993,0.186012327671051,1.88854984757173
19,"happy",9.3570032119751,0.276746928691864,1.42679810523987,10.785493850708,0.889366328716278,13.6710805892944,51.8788032531738,0.430007338523865,0.562664151191711,0.105681717395782,0.353144913911819,0.177517756819725,0.107594937086105,0.168692037463188,0.0417302288115025,0.668918907642365,0.12309417873621,0.324549943208694,0.586664438247681,0.547474205493927,0.0253164563328028,0.444676071405411,0.314077794551849,0.49107226729393,0.27630677819252,0.0818532556295395,0.169071301817894,28.5982164747079,18.2793655395508,5.83962869644165,10.0723896026611,13.0354404449463,2.34274172782898,30.4559001922607,30.9678516387939,0.0811860784888268,0.19538451731205,0.0996454209089279,0.0672405138611794,0.0842693150043488,0.193774223327637,0.105012737214565,0.0973305553197861,0.486989736557007,0.0918877050280571,0.109075054526329,0.143232807517052,0.076572373509407,0.157583951950073,0.0822340473532677,0.154301851987839,0.321581214666367,0.20636223256588,0.082427941262722,0.215726181864738,4.94168117048756
20,"happy",0.730912089347839,1.10250186920166,0.700219333171844,58.5747337341309,2.09320378303528,2.18562388420105,19.5337238311768,0.496787458658218,0.255139887332916,0.147739350795746,0.372559547424316,0.607749462127686,0.107594937086105,0.386912733316422,0.371862828731537,0.744604289531708,0.55229240655899,0.563615024089813,0.499873369932175,0.513152658939362,0.610000014305115,0.460299044847488,0.316121488809586,0.579284131526947,0.429519593715668,0.100767761468887,0.325821340084076,19.5522307708396,2.51712512969971,16.6115245819092,3.05820345878601,40.9458122253418,6.80670881271362,6.69677639007568,38.4927597045898,0.0906429439783096,0.08632942289114,0.13059937953949,0.0562901683151722,0.295608013868332,0.499191790819168,0.139078676700592,0.37589904665947,0.433345168828964,0.372380256652832,0.132528707385063,0.157818228006363,0.0970760583877564,0.50098717212677,0.177703440189362,0.157276898622513,0.445973217487335,0.160240799188614,0.0672385692596436,0.342292368412018,4.94168117048756
21,"happy",0.0516909845173359,1.10250186920166,0.124546118080616,32.081859588623,0.850021660327911,43.8928070068359,20.5959129333496,0.626776456832886,0.323206037282944,0.243673086166382,0.37107902765274,0.360418617725372,0.136150240898132,0.245887577533722,0.13395668566227,0.861702144145966,0.418850243091583,0.510896921157837,0.47884127497673,0.409780263900757,0.240963861346245,0.501620054244995,0.113080285489559,0.807627379894257,0.293487370014191,0.150395527482033,0.19286847114563,24.6593340097548,0.0723640024662018,3.1816246509552,0.0553362593054771,30.8764095306396,0.988677144050598,27.7063522338867,28.3267993927002,0.0772502720355988,0.0767572447657585,0.0996454209089279,0.0437589064240456,0.170313805341721,0.358894795179367,0.0863436684012413,0.335096448659897,0.408539563417435,0.263547331094742,0.102075822651386,0.144766330718994,0.0677707567811012,0.365451872348785,0.142420142889023,0.104199670255184,0.258729308843613,0.188534274697304,0.104218855500221,0.246789336204529,3.59870123799455
22,"happy",1.11946606636047,0.561944246292114,1.83365547657013,10.785493850708,0.956594109535217,37.9110107421875,39.2848892211914,0.430007338523865,0.516881823539734,0.116366878151894,0.37107902765274,0.193302288651466,0.0599078349769115,0.161384180188179,0.0915573686361313,0.616613447666168,0.12309417873621,0.298374891281128,0.583176732063293,0.547474205493927,0.124600641429424,0.426857233047485,0.176502794027328,0.64811384677887,0.310507655143738,0.0800915583968163,0.121360115706921,20.214400872402,0.620816111564636,4.33581066131592,1.00246548652649,3.79187178611755,0.499438732862472,36.569522857666,25.9451026916504,0.10597862303257,0.18524169921875,0.0755532085895538,0.0837321504950523,0.107103392481804,0.193774223327637,0.0897424966096878,0.160643145442009,0.495665729045868,0.229585900902748,0.145321771502495,0.198185011744499,0.09726931899786,0.370348036289215,0.125199988484383,0.149417251348495,0.290484756231308,0.183672815561295,0.12446004152298,0.237659201025963,4.61272019414479
23,"happy",0.637720882892609,0.995947301387787,0.336928188800812,38.2954940795898,0.889366328716278,4.5956301689148,39.2848892211914,0.45797860622406,0.236145332455635,0.131215646862984,0.361177742481232,0.430397689342499,0.233830839395523,0.309348464012146,0.35312893986702,0.566929161548615,0.440099895000458,0.561406970024109,0.682281613349915,0.43973109126091,0.610169470310211,0.480674982070923,0.424265086650848,0.45490375161171,0.226763501763344,0.127345100045204,0.12832947075367,24.2896003732646,0.439595609903336,0.873725831508636,0.610058724880219,31.221170425415,2.34274172782898,0.505885004997253,28.4332332611084,0.0566560998558998,0.0480513945221901,0.0742733851075172,0.0837321504950523,0.192870959639549,0.358894795179367,0.114422671496868,0.188108012080193,0.469425916671753,0.121931284666061,0.0867260545492172,0.136333107948303,0.0679863542318344,0.489878863096237,0.115841776132584,0.157276898622513,0.35476154088974,0.121340192854404,0.148716062307358,0.215726181864738,4.54936582098009
24,"happy",0.317539364099503,0.170408695936203,0.360734134912491,74.9685211181641,2.09320378303528,0.246688455343246,31.3314743041992,0.602813720703125,0.271582335233688,0.153595149517059,0.399686425924301,0.658388078212738,0.733333349227905,0.214158803224564,0.425746917724609,0.936170220375061,0.362369239330292,0.70111745595932,0.699499189853668,0.448982805013657,0.240963861346245,0.444676071405411,0.370896875858307,0.573060393333435,0.297938525676727,0.0320247076451778,0.166371688246727,24.8064832619366,2.23488664627075,0.88229501247406,1.20460295677185,37.4206924438477,2.68660235404968,0.505885004997253,37.0350303649902,0.10665088891983,0.18524169921875,0.0946627259254456,0.113940723240376,0.286992877721786,0.500772356987,0.108907170593739,0.328234225511551,0.310338616371155,0.33484274148941,0.1667660176754,0.164571866393089,0.104840092360973,0.493105918169022,0.189090505242348,0.222395524382591,0.428124815225601,0.217947274446487,0.0678477436304092,0.268599212169647,5.88594493744459
25,"happy",0.650940179824829,9.42913055419922,1.10393130779266,85.5587158203125,8.57364559173584,0.246688455343246,5.95091676712036,0.602813720703125,0.261378884315491,0.264381289482117,0.361177742481232,0.688424646854401,0.744094491004944,0.512643277645111,0.698592483997345,0.427145719528198,0.735185027122498,0.568698942661285,0.480335563421249,0.448982805013657,0.994219660758972,0.440523386001587,0.311278522014618,0.787273287773132,0.33398500084877,0.13503161072731,0.325745701789856,25.2281697295993,1.9878420829773,19.5776596069336,2.13116097450256,35.7903366088867,20.302978515625,19.3694381713867,28.7627296447754,0.1180489808321,0.0904541239142418,0.195433765649796,0.115605264902115,0.295608013868332,0.499191790819168,0.119921945035458,0.37589904665947,0.454222857952118,0.349536210298538,0.145321771502495,0.178104668855667,0.104840092360973,0.493105918169022,0.189090505242348,0.180241271853447,0.360036969184875,0.166167795658112,0.106137774884701,0.310628831386566,4.94168117048756
26,"happy",0.240023925900459,1.1137443780899,0.336928188800812,22.3521690368652,0.241598457098007,20.8781242370605,32.3070793151855,0.507252275943756,0.28633975982666,0.242452785372734,0.324072122573853,0.430397689342499,0.557522118091583,0.262515932321548,0.207715675234795,0.717391312122345,0.420163929462433,0.42935574054718,0.480335563421249,0.470641076564789,0.17910447716713,0.589431643486023,0.228569835424423,0.738351404666901,0.444045394659042,0.13503161072731,0.325745701789856,24.2896003732646,0.439595609903336,3.8827850818634,0.610058724880219,3.79187178611755,0.701844274997711,30.4004039764404,21.9980411529541,0.100894138216972,0.0680549591779709,0.138887420296669,0.0948406383395195,0.16565865278244,0.470088064670563,0.105012737214565,0.205147445201874,0.486989736557007,0.176314800977707,0.135415121912956,0.139873057603836,0.0679863542318344,0.42896243929863,0.140792027115822,0.152642965316772,0.330074578523636,0.183672815561295,0.0946304500102997,0.280062913894653,3.29828769480135
27,"happy",0.438958555459976,1.73264122009277,1.42679810523987,44.4869270324707,1.47596180438995,18.1548461914062,46.9772148132324,0.405285626649857,0.220087647438049,0.153595149517059,0.353144913911819,0.360418617725372,0.233830839395523,0.250583320856094,0.380720794200897,0.404347836971283,0.427134990692139,0.55869734287262,0.585660934448242,0.514466345310211,0.401433706283569,0.480674982070923,0.370896875858307,0.559136033058167,0.297938525676727,0.126445442438126,0.178035482764244,20.214400872402,0.492693394422531,14.5264549255371,1.94034147262573,28.2993717193604,2.0423731803894,17.5180492401123,30.0970363616943,0.0927538722753525,0.051094189286232,0.0946627259254456,0.0437589064240456,0.214422672986984,0.437204778194427,0.0776199996471405,0.344484627246857,0.492626667022705,0.281333923339844,0.132528707385063,0.163700491189957,0.0674432963132858,0.488564878702164,0.122502595186234,0.163855001330376,0.303826689720154,0.108987741172314,0.159514605998993,0.176470428705215,3.59870123799455
28,"happy",0.294219672679901,2.03590750694275,0.208860486745834,1.58526027202606,0.651028752326965,36.6014785766602,81.8671035766602,0.36129766702652,0.332483887672424,0.117134436964989,0.294024646282196,0.177517756819725,0.0734824314713478,0.17337067425251,0.0417302288115025,0.472222208976746,0.12309417873621,0.298374891281128,0.273631900548935,0.46101313829422,0.0253164563328028,0.327343881130219,0.311278522014618,0.45490375161171,0.297938525676727,0.0320247076451778,0.365100294351578,22.7308066420561,1.3712671995163,5.75836563110352,0.323914676904678,20.9139022827148,0.251152634620667,27.077693939209,37.3017997741699,0.0889032036066055,0.111467003822327,0.049845814704895,0.0408169515430927,0.107103392481804,0.313452154397964,0.0776199996471405,0.109519965946674,0.440294474363327,0.253637254238129,0.128637939691544,0.16770738363266,0.0931275710463524,0.410351157188416,0.0964873880147934,0.104199670255184,0.330074578523636,0.190617486834526,0.0296361651271582,0.322616279125214,2.24602663417852
29,"happy",1.55937194824219,0.561944246292114,2.47567701339722,5.37562561035156,0.958464086055756,44.330997467041,36.5664367675781,0.630733728408813,0.568277716636658,0.313687801361084,0.42524778842926,0.292854577302933,0.753333330154419,0.17337067425251,0.401613533496857,0.892473101615906,0.362369239330292,0.27239853143692,0.502819180488586,0.387807846069336,0.663716793060303,0.589431643486023,0.0997918471693993,0.890349626541138,0.666843771934509,0.126445442438126,0.121360115706921,38.5148188252281,5.51832914352417,3.8827850818634,10.0723896026611,34.6379585266113,3.86122941970825,27.753963470459,37.0350303649902,0.165657117962837,0.123676523566246,0.112597890198231,0.164679303765297,0.245991334319115,0.500762760639191,0.111856058239937,0.353305578231812,0.45273494720459,0.349536210298538,0.20973265171051,0.157818228006363,0.0876599922776222,0.462250173091888,0.140792027115822,0.163855001330376,0.218387469649315,0.276841580867767,0.0794083252549171,0.199540212750435,7.62202461573626
30,"happy",0.94926905632019,0.427755266427994,0.419059634208679,62.2254791259766,0.584531128406525,17.7137012481689,20.5959129333496,0.487473100423813,0.516881823539734,0.128527298569679,0.376935005187988,0.40090548992157,0.327338129281998,0.208992809057236,0.0915573686361313,0.454545468091965,0.362369239330292,0.55869734287262,0.495471209287643,0.41699880361557,0.237373739480972,0.373200237751007,0.176502794027328,0.688244342803955,0.29642254114151,0.100767761468887,0.140019744634628,23.3046002949956,1.9878420829773,0.88229501247406,0.495009779930115,29.3985919952393,0.863758683204651,27.7063522338867,11.1669702529907,0.086216427385807,0.114567302167416,0.049845814704895,0.0437589064240456,0.219555780291557,0.313452154397964,0.0861807763576508,0.227939173579216,0.435542911291122,0.131743371486664,0.106190778315067,0.144675433635712,0.102007247507572,0.225014373660088,0.112368308007717,0.104199670255184,0.346381366252899,0.166167795658112,0.102451376616955,0.207742989063263,5.54869868336059
1,"stress",0.708864271640778,7.02039861679077,0.563129246234894,31.234691619873,0.713656663894653,1.04658234119415,58.5996971130371,0.381425619125366,0.282717555761337,0.151235267519951,0.326344043016434,0.667726099491119,0.681592047214508,0.463431507349014,0.515824675559998,0.6015625,0.727933466434479,0.761967420578003,0.577076494693756,0.400158137083054,0.280701756477356,0.36644235253334,0.26914918422699,0.749651312828064,0.569153010845184,0.0426117889583111,0.238092437386513,23.2098393798111,2.45559453964233,11.3298816680908,8.89080715179443,40.8129425048828,1.91154384613037,8.72818470001221,38.8628349304199,0.0715355202555656,0.0844527930021286,0.0822851806879044,0.0629288479685783,0.206310108304024,0.495406627655029,0.129206702113152,0.326405555009842,0.47935163974762,0.299968600273132,0.114261895418167,0.15837474167347,0.0810237899422646,0.471398413181305,0.112793624401093,0.115976110100746,0.267835050821304,0.137593001127243,0.0181135572493076,0.269493579864502,6.21081806307098
2,"stress",0.977555215358734,8.87020206451416,1.12918663024902,29.8946170806885,2.35197401046753,14.5995483398438,11.9774150848389,0.542808771133423,0.352288544178009,0.181300193071365,0.316278159618378,0.408396571874618,0.06640625,0.327473670244217,0.313543796539307,0.643312096595764,0.22153614461422,0.561537742614746,0.473740071058273,0.501779556274414,0.140127390623093,0.458772450685501,0.346450626850128,0.516585767269135,0.282195061445236,0.221951067447662,0.572886049747467,18.8744450208699,1.04626619815826,15.4696245193481,0.955566883087158,8.04537773132324,6.28280353546143,25.828296661377,25.3210277557373,0.0811602026224136,0.0925380811095238,0.100267983973026,0.0487401448190212,0.204510316252708,0.275662243366241,0.101302705705166,0.226060181856155,0.335575073957443,0.115596875548363,0.108702912926674,0.125068560242653,0.0738139301538467,0.480620622634888,0.112793624401093,0.162720799446106,0.289057582616806,0.177008479833603,0.142548501491547,0.354399472475052,2.70226874084662
3,"stress",0.519248366355896,3.86828660964966,0.400166720151901,29.8946170806885,0.280516296625137,14.5995483398438,40.320556640625,0.388717293739319,0.329811036586761,0.0677385032176971,0.334956556558609,0.605884730815887,0.25,0.341287463903427,0.217573523521423,0.643312096595764,0.532149493694305,0.454744219779968,0.435779869556427,0.453650176525116,0.296875,0.411356389522552,0.338837683200836,0.51092129945755,0.287525981664658,0.114235177636147,0.123714774847031,23.1152873553761,1.43065321445465,4.30627202987671,0.395605444908142,35.0622673034668,0.939623296260834,10.1590690612793,35.4699821472168,0.0661318823695183,0.0807866901159286,0.0611111894249916,0.0855303853750229,0.224620431661606,0.381491541862488,0.101302705705166,0.262972116470337,0.432201206684113,0.301708787679672,0.15689155459404,0.149969637393951,0.0882433578372002,0.496819972991943,0.153097629547119,0.179968431591988,0.37001833319664,0.164966881275177,0.0919424593448639,0.17349711060524,3.92750083638106
4,"stress",0.195703789591789,0.929689645767212,0.458992123603821,22.1489753723145,0.7076455950737,43.3976631164551,15.7765445709229,0.537447094917297,0.50434422492981,0.105181746184826,0.347051471471786,0.605884730815887,0.336405515670776,0.264975100755692,0.404011487960815,0.516417920589447,0.468121767044067,0.454644411802292,0.435779869556427,0.420221239328384,0.568047344684601,0.412901371717453,0.139534816145897,0.758528709411621,0.527521431446075,0.0661000981926918,0.263724774122238,29.2938157593327,0.899988293647766,4.08717012405396,0.698429882526398,36.247730255127,2.09023976325989,33.8516998291016,35.0244445800781,0.0661318823695183,0.118311442434788,0.0784021243453026,0.0538528189063072,0.221427753567696,0.357276171445847,0.0754455551505089,0.305076092481613,0.458745867013931,0.299968600273132,0.111892975866795,0.149399861693382,0.0738139301538467,0.468271523714066,0.153472930192947,0.12502683699131,0.261065542697906,0.17082616686821,0.0642711371183395,0.305273830890656,5.14526938466723
5,"stress",1.79940235614777,1.78030586242676,0.458992123603821,33.6990356445312,2.35197401046753,1.04658234119415,61.8633117675781,0.504228413105011,0.20817144215107,0.287282705307007,0.298487573862076,0.430580109357834,0.575221240520477,0.269068568944931,0.535080909729004,0.695652186870575,0.312335401773453,0.804007649421692,0.735633432865143,0.438384711742401,0.219780221581459,0.458772450685501,0.374242454767227,0.782251954078674,0.537155330181122,0.122038759291172,0.251774400472641,18.8744450208699,4.85048818588257,4.30627202987671,1.05168759822845,21.5411014556885,4.7990255355835,5.7178635597229,30.8436431884766,0.099570095539093,0.0990575477480888,0.141840487718582,0.0724868699908257,0.159188747406006,0.466796487569809,0.167077735066414,0.305076092481613,0.372958093881607,0.151210710406303,0.149509951472282,0.16336278617382,0.0822972357273102,0.38455718755722,0.124711319804192,0.162720799446106,0.337279468774796,0.206152513623238,0.0856422334909439,0.172640800476074,4.99034171422425
6,"stress",0.300506204366684,0.420180290937424,1.70639657974243,29.8946170806885,0.808210790157318,59.0701942443848,6.93091058731079,0.627698600292206,0.329811036586761,0.169967174530029,0.409408569335938,0.351174473762512,0.336405515670776,0.218580961227417,0.122452467679977,0.633720934391022,0.532149493694305,0.265902787446976,0.61758154630661,0.501779556274414,0.426829278469086,0.605960309505463,0.155447408556938,0.799140632152557,0.713719725608826,0.239377856254578,0.245190978050232,23.4473097547333,2.15268135070801,2.65902233123779,1.05168759822845,36.2914009094238,3.3877067565918,38.0972938537598,33.7621040344238,0.104380056262016,0.162863627076149,0.109307587146759,0.0935845896601677,0.155139967799187,0.491361111402512,0.0754455551505089,0.273142129182816,0.433736205101013,0.157337948679924,0.124630883336067,0.14911362528801,0.0738139301538467,0.415239989757538,0.120092436671257,0.13026188313961,0.166207656264305,0.192017808556557,0.201450332999229,0.337650567293167,4.91993245562564
7,"stress",0.455046027898789,6.35541534423828,0.268944948911667,84.7474594116211,1.18136882781982,15.2490091323853,6.93091058731079,0.594428360462189,0.325250804424286,0.262209624052048,0.398334801197052,0.506303668022156,0.681592047214508,0.23924009501934,0.393013566732407,0.741293549537659,0.76196026802063,0.561537742614746,0.577076494693756,0.479063987731934,0.816831707954407,0.496129333972931,0.202353805303574,0.782251954078674,0.527521431446075,0.0860048830509186,0.116140134632587,27.1871977292829,1.29657530784607,9.03689193725586,1.39338850975037,34.6340599060059,6.11056041717529,33.8516998291016,16.7128162384033,0.0734002217650414,0.0925380811095238,0.159331187605858,0.0629288479685783,0.28128519654274,0.500739932060242,0.0859983116388321,0.278309851884842,0.433736205101013,0.274595469236374,0.142327755689621,0.173956766724586,0.115976378321648,0.434220552444458,0.153472930192947,0.173236295580864,0.354976862668991,0.164966881275177,0.108336411416531,0.172640800476074,6.21081806307098
8,"stress",0.401488393545151,6.58886289596558,3.09147119522095,22.1489753723145,4.6221923828125,49.9661636352539,12.3391389846802,0.594428360462189,0.50434422492981,0.193562209606171,0.353358924388885,0.520009219646454,0.333333343267441,0.264975100755692,0.217573523521423,0.613559305667877,0.66450434923172,0.594373345375061,0.61758154630661,0.438384711742401,0.280701756477356,0.466960400342941,0.206135272979736,0.760513246059418,0.566600501537323,0.239377856254578,0.16973190009594,23.4473097547333,0.950163066387176,15.4696245193481,0.794334232807159,3.26189517974854,5.08159494400024,23.4575691223145,16.2125015258789,0.0813644975423813,0.107919409871101,0.0998288094997406,0.122655257582664,0.145538419485092,0.16434483230114,0.0427724570035934,0.20357982814312,0.285946488380432,0.176166161894798,0.0893677473068237,0.151491180062294,0.104785569012165,0.407170504331589,0.128730937838554,0.174197569489479,0.261065542697906,0.169310510158539,0.154115468263626,0.337650567293167,4.30826961712453
9,"stress",0.509369969367981,6.35541534423828,2.34361386299133,84.7474594116211,0.703437924385071,59.0701942443848,6.93091058731079,0.538900196552277,0.431059539318085,0.266424387693405,0.495366513729095,0.667726099491119,0.797029674053192,0.25608029961586,0.692484021186829,0.75,0.66450434923172,0.428024381399155,0.55094975233078,0.413757145404816,0.97551017999649,0.493376165628433,0.175724431872368,0.944654405117035,0.713719725608826,0.0643715709447861,0.264479130506516,30.9215355056037,0.0715653449296951,8.78797245025635,11.1132049560547,36.2914009094238,0.51152515411377,38.0972938537598,33.7621040344238,0.104380056262016,0.176962792873383,0.142937362194061,0.152415096759796,0.221427753567696,0.500739932060242,0.113880395889282,0.357875883579254,0.453546196222305,0.299968600273132,0.104671709239483,0.16336278617382,0.137988060712814,0.471398413181305,0.183646231889725,0.134147197008133,0.166207656264305,0.177008479833603,0.068758174777031,0.269493579864502,6.21081806307098
10,"stress",1.25030565261841,0.525311827659607,0.458992123603821,31.234691619873,0.073153018951416,21.5899410247803,58.5996971130371,0.388717293739319,0.226780772209167,0.169967174530029,0.349161922931671,0.291852831840515,0.573964476585388,0.264975100755692,0.0622642338275909,0.834586441516876,0.487720102071762,0.594373345375061,0.61758154630661,0.501699149608612,0.33093523979187,0.496129333972931,0.175724431872368,0.68371993303299,0.302637815475464,0.119089521467686,0.0949492529034615,40.1899632377997,6.74056482315063,4.30627202987671,8.01649475097656,36.2914009094238,0.10530661791563,22.2701892852783,35.4699821472168,0.0857397243380547,0.102356307208538,0.0822851806879044,0.0538528189063072,0.14984430372715,0.470905631780624,0.110875591635704,0.159626290202141,0.429329663515091,0.172136202454567,0.138048708438873,0.125068560242653,0.0822972357273102,0.500745713710785,0.116604402661324,0.106392458081245,0.337861239910126,0.17082616686821,0.0699347704648972,0.17349711060524,5.4486106682701
11,"stress",1.86867451667786,0.659308135509491,0.526592195034027,67.9552688598633,1.32676386833191,2.99733757972717,53.729377746582,0.296369045972824,0.290513128042221,0.262209624052048,0.276739150285721,0.352484852075577,0.681592047214508,0.269068568944931,0.404011487960815,0.51111114025116,0.506200611591339,0.565765142440796,0.666270792484283,0.421411961317062,0.426829278469086,0.299921631813049,0.269131034612656,0.641083836555481,0.61251437664032,0.0426117889583111,0.3088718354702,22.9568019755812,6.74056482315063,5.82268667221069,4.04864263534546,44.0890998840332,0.294524282217026,7.9662766456604,33.3259239196777,0.0819145813584328,0.0842575803399086,0.156991332769394,0.061554804444313,0.206310108304024,0.497901797294617,0.141366273164749,0.353345185518265,0.47935163974762,0.270620614290237,0.183153137564659,0.189949840307236,0.115976378321648,0.4513258934021,0.149397939443588,0.208043336868286,0.337279468774796,0.206152513623238,0.0423007309436798,0.277339577674866,7.33101474070823
12,"stress",0.567299544811249,15.2593078613281,0.400166720151901,41.0840377807617,0.922160685062408,8.04903602600098,11.9774150848389,0.391219705343246,0.306825518608093,0.195316031575203,0.338375806808472,0.722715258598328,0.797029674053192,0.28855174779892,0.692484021186829,0.761194050312042,0.712637841701508,0.585786283016205,0.435779869556427,0.352743804454803,0.779069781303406,0.461765229701996,0.151037886738777,0.802205562591553,0.527521431446075,0.0577734485268593,0.472318798303604,30.9215355056037,0.0715653449296951,18.6387538909912,1.75504052639008,36.2914009094238,2.74028396606445,5.7178635597229,39.5296516418457,0.0873854085803032,0.0853899493813515,0.141840487718582,0.0641223266720772,0.208698779344559,0.500739932060242,0.105556629598141,0.388589709997177,0.439017444849014,0.301708787679672,0.112431108951569,0.185284435749054,0.109656766057014,0.450198799371719,0.154750913381577,0.13026188313961,0.307040899991989,0.230207026004791,0.0765341073274612,0.269493579864502,6.21081806307098
13,"stress",2.26528525352478,1.78030586242676,0.563129246234894,22.1489753723145,0.7076455950737,8.04903602600098,72.6480255126953,0.542808771133423,0.306825518608093,0.242810651659966,0.316278159618378,0.408396571874618,0.222222223877907,0.177008524537086,0.0777414068579674,0.75,0.228641018271446,0.454644411802292,0.491507560014725,0.438384711742401,0.208955228328705,0.411356389522552,0.410085678100586,0.676165759563446,0.282195061445236,0.143265321850777,0.130026817321777,24.2001857868194,5.08672142028809,0.922920525074005,0.909810125827789,10.1252107620239,1.60605823993683,10.1590690612793,28.0140781402588,0.09544637799263,0.0990575477480888,0.0784021243453026,0.0980713814496994,0.0680800974369049,0.357276171445847,0.073883980512619,0.135400533676147,0.458745867013931,0.0801221877336502,0.12007587403059,0.125068560242653,0.0656362175941467,0.154880464076996,0.101258307695389,0.192324712872505,0.374857813119888,0.172691211104393,0.166213482618332,0.144542992115021,2.25986792692148
14,"stress",2.26528525352478,11.3163900375366,1.19604754447937,7.17741823196411,0.143641218543053,8.64447784423828,66.0663070678711,0.368028789758682,0.244543716311455,0.192745834589004,0.316278159618378,0.334050238132477,0.336405515670776,0.257301896810532,0.091153159737587,0.502304136753082,0.179138422012329,0.418933749198914,0.419833183288574,0.426368325948715,0.219780221581459,0.466960400342941,0.131407722830772,0.799140632152557,0.527521431446075,0.0577734485268593,0.295167207717896,29.2938157593327,21.4819030761719,28.8053150177002,2.03669285774231,35.6201705932617,0.778933465480804,33.8516998291016,43.6559791564941,0.129192769527435,0.162863627076149,0.100267983973026,0.0900240018963814,0.189131408929825,0.416899383068085,0.142711102962494,0.176249533891678,0.501150727272034,0.242380380630493,0.190662711858749,0.17233544588089,0.0756774619221687,0.495625466108322,0.120092436671257,0.0991266667842865,0.34988409280777,0.172691211104393,0.0864191651344299,0.337650567293167,5.4486106682701
15,"stress",1.19999706745148,0.659308135509491,1.04617893695831,33.6990356445312,0.603312313556671,14.9369421005249,21.2780418395996,0.542808771133423,0.20817144215107,0.236268013715744,0.405354470014572,0.217667147517204,0.210727974772453,0.128428041934967,0.273100882768631,0.6015625,0.22153614461422,0.301598191261292,0.78943520784378,0.420221239328384,0.533333361148834,0.476225674152374,0.244775399565697,0.802205562591553,0.482943832874298,0.122038759291172,0.16855750977993,22.6322162770032,5.17898035049438,8.78797245025635,3.78718614578247,35.0622673034668,6.11056041717529,38.0972938537598,32.411678314209,0.135504588484764,0.114032983779907,0.106967225670815,0.122655257582664,0.189131408929825,0.43391764163971,0.124586053192616,0.273142129182816,0.500109791755676,0.238215431571007,0.197144240140915,0.147565126419067,0.0756774619221687,0.499930262565613,0.150691404938698,0.149103283882141,0.37001833319664,0.257409542798996,0.154115468263626,0.234668329358101,4.20862676343611
16,"stress",0.455046027898789,0.929689645767212,1.12918663024902,38.9681205749512,0.703437924385071,2.99733757972717,66.0312576293945,0.473452121019363,0.329270273447037,0.165047034621239,0.409408569335938,0.722715258598328,0.31128403544426,0.328135937452316,0.393013566732407,0.649122834205627,0.712637841701508,0.594373345375061,0.55094975233078,0.441234022378922,0.642458081245422,0.412901371717453,0.351947546005249,0.656984806060791,0.434201806783676,0.0426117889583111,0.0893111824989319,27.1871977292829,0.899988293647766,1.54401791095734,0.909810125827789,28.9871559143066,1.79313158988953,11.4196500778198,28.0140781402588,0.0869813933968544,0.0990575477480888,0.0484699159860611,0.0724868699908257,0.14984430372715,0.408609092235565,0.142711102962494,0.278309851884842,0.439017444849014,0.270608097314835,0.103744134306908,0.149399861693382,0.0909742191433907,0.38455718755722,0.111646138131618,0.163006067276001,0.34988409280777,0.17082616686821,0.0642711371183395,0.172640800476074,4.44714885286932
17,"stress",0.519248366355896,0.129090845584869,0.159347459673882,14.3302736282349,1.32676386833191,27.0860710144043,11.5826177597046,0.594428360462189,0.329811036586761,0.355887651443481,0.349936097860336,0.646283268928528,0.621118009090424,0.269068568944931,0.0630571246147156,0.871508359909058,0.470711201429367,0.301598191261292,0.288666754961014,0.501699149608612,0.47826087474823,0.611408054828644,0.244775399565697,0.832081377506256,0.527521431446075,0.0577734485268593,0.263724774122238,23.028712740949,2.68859529495239,1.54401791095734,2.76807522773743,24.5103645324707,3.3877067565918,38.0972938537598,30.8436431884766,0.0991822779178619,0.10974358767271,0.142937362194061,0.126755774021149,0.0832195356488228,0.472581565380096,0.110875591635704,0.0884113684296608,0.47935163974762,0.151210710406303,0.114522062242031,0.16336278617382,0.0756774619221687,0.420777797698975,0.116604402661324,0.144244149327278,0.336352616548538,0.200175225734711,0.0494299381971359,0.263151586055756,2.87482688142437
18,"stress",2.7297956943512,8.87020206451416,0.0619572103023529,0.793648958206177,0.143641218543053,8.64447784423828,83.4671173095703,0.368028789758682,0.242380768060684,0.081332229077816,0.347051471471786,0.152676343917847,0.00877192988991737,0.171270176768303,0.0274583231657743,0.613559305667877,0.121060706675053,0.353108495473862,0.288666754961014,0.501779556274414,0.140127390623093,0.412901371717453,0.410085678100586,0.230058640241623,0.302840650081635,0.256126552820206,0.236985102295876,19.4462005230305,8.28115177154541,4.04724216461182,0.305024683475494,3.26189517974854,0.218971356749535,17.0664882659912,25.3210277557373,0.0734002217650414,0.0990575477480888,0.0897454544901848,0.0884892418980598,0.0722953751683235,0.0936585813760757,0.073883980512619,0.0830322057008743,0.500109791755676,0.0672772601246834,0.161282047629356,0.147565126419067,0.0673050805926323,0.182816162705421,0.112793624401093,0.208043336868286,0.374857813119888,0.164966881275177,0.14259546995163,0.158594980835915,2.25986792692148
19,"stress",17.373176574707,0.598064303398132,2.34361386299133,0.793648958206177,4.6221923828125,0.526312708854675,83.4671173095703,0.590340495109558,0.290513128042221,0.195316031575203,0.405354470014572,0.15591898560524,0.00877192988991737,0.163812249898911,0.0274583231657743,0.502304136753082,0.110806986689568,0.248859509825706,0.485547840595245,0.469780474901199,0.176991149783134,0.36644235253334,0.175724431872368,0.589038372039795,0.302840650081635,0.114235177636147,0.191351473331451,23.6203112972043,8.28115177154541,4.30627202987671,7.00071620941162,3.26189517974854,11.7434034347534,5.7178635597229,31.4267559051514,0.0857397243380547,0.10539848357439,0.0611111894249916,0.152415096759796,0.0680800974369049,0.275662243366241,0.0460640303790569,0.0830322057008743,0.501204073429108,0.0672772601246834,0.12007587403059,0.171018198132515,0.0752517208456993,0.384090542793274,0.0945281758904457,0.0991266667842865,0.385089874267578,0.164966881275177,0.143873170018196,0.275025099515915,5.14526938466723
20,"stress",0.509369969367981,3.86828660964966,1.39879131317139,41.0840377807617,4.24693918228149,2.99733757972717,40.320556640625,0.343544870615005,0.282717555761337,0.199400410056114,0.276739150285721,0.5280681848526,0.280219793319702,0.257301896810532,0.464881956577301,0.741293549537659,0.551285982131958,0.761967420578003,0.566841006278992,0.403212636709213,0.426829278469086,0.474020332098007,0.202353805303574,0.550598323345184,0.360608339309692,0.0426117889583111,0.0815818607807159,19.919613903179,2.68859529495239,5.91076278686523,1.05168759822845,32.9457321166992,5.12738466262817,6.23176622390747,29.0688362121582,0.0822089239954948,0.05809211358428,0.118374049663544,0.0365124829113483,0.22466567158699,0.473571926355362,0.204739153385162,0.388589709997177,0.4067522585392,0.364479660987854,0.183422014117241,0.147565126419067,0.137988060712814,0.498505234718323,0.107075676321983,0.208043336868286,0.40425169467926,0.232226133346558,0.0181135572493076,0.223941132426262,5.02392736006752
21,"stress",0.254771530628204,0.929689645767212,0.458992123603821,25.0989360809326,0.280516296625137,21.299654006958,60.2941131591797,0.504228413105011,0.352288544178009,0.116079680621624,0.264777541160583,0.217667147517204,0.614525139331818,0.128428041934967,0.200883209705353,0.922448992729187,0.429897367954254,0.454744219779968,0.566841006278992,0.453650176525116,0.211981564760208,0.605960309505463,0.351947546005249,0.676165759563446,0.418736010789871,0.168903976678848,0.116140134632587,25.2776445087607,0.281480818986893,7.20209836959839,1.21164774894714,33.0632934570312,0.394217669963837,18.8865184783936,36.5018615722656,0.0869813933968544,0.115733921527863,0.0784021243453026,0.0295446533709764,0.179536536335945,0.470905631780624,0.0460640303790569,0.234851643443108,0.268011271953583,0.248559013009071,0.161282047629356,0.125410988926888,0.0774547308683395,0.276479840278625,0.111646138131618,0.156952872872353,0.346216440200806,0.192017808556557,0.143873170018196,0.259765982627869,4.20862676343611
22,"stress",2.24837613105774,0.598064303398132,5.4017071723938,6.63262414932251,1.32676386833191,22.5843753814697,66.0312576293945,0.627698600292206,0.533631086349487,0.081332229077816,0.409408569335938,0.194618850946426,0.0276679843664169,0.228443279862404,0.0274583231657743,0.502304136753082,0.11481662094593,0.353108495473862,0.53806471824646,0.516005575656891,0.211981564760208,0.474020332098007,0.131407722830772,0.68371993303299,0.287525981664658,0.131012931466103,0.116140134632587,20.5626899555744,1.43065321445465,4.08717012405396,3.64436173439026,8.04537773132324,2.74028396606445,34.5899772644043,30.5683670043945,0.0989270061254501,0.123462155461311,0.0484699159860611,0.0900240018963814,0.155139967799187,0.22908627986908,0.110875591635704,0.0884113684296608,0.487760961055756,0.218040511012077,0.12007587403059,0.16336278617382,0.092436209321022,0.434220552444458,0.0945281758904457,0.125959575176239,0.358200162649155,0.168905258178711,0.154115468263626,0.295766025781631,2.89367410659398
23,"stress",0.195703789591789,3.86828660964966,0.159347459673882,10.6306285858154,2.3122889995575,1.52499866485596,66.0663070678711,0.443041056394577,0.20817144215107,0.269743978977203,0.298487573862076,0.351174473762512,0.427118629217148,0.264975100755692,0.227565720677376,0.675126910209656,0.532149493694305,0.446702867746353,0.448414295911789,0.488931089639664,0.140127390623093,0.422606527805328,0.380088418722153,0.561531186103821,0.297708541154861,0.114235177636147,0.189339727163315,19.7362797702568,0.281480818986893,11.4066982269287,0.498054921627045,21.0814628601074,0.969659090042114,1.32596790790558,19.8607120513916,0.0661318823695183,0.045790359377861,0.119280941784382,0.0404680371284485,0.159188747406006,0.495406627655029,0.110875591635704,0.326405555009842,0.47935163974762,0.204063415527344,0.138048708438873,0.14911362528801,0.0656362175941467,0.154880464076996,0.125296920537949,0.106392458081245,0.337279468774796,0.167230293154716,0.105401821434498,0.177300170063972,2.3967919863218
24,"stress",0.708864271640778,0.0739752799272537,0.159347459673882,67.9552688598633,0.808210790157318,0.614655375480652,41.3493614196777,0.368028789758682,0.114896975457668,0.269743978977203,0.348311424255371,0.650739908218384,0.681592047214508,0.397808909416199,0.393013566732407,0.6015625,0.727933466434479,0.629775881767273,0.542109370231628,0.479063987731934,0.779069781303406,0.36644235253334,0.278802156448364,0.799140632152557,0.287525981664658,0.0426117889583111,0.0897958651185036,27.6329011440838,5.77927923202515,0.297100484371185,0.62626838684082,40.8129425048828,6.28280353546143,1.87642669677734,16.2125015258789,0.104380056262016,0.0925380811095238,0.100248962640762,0.0709903165698051,0.224620431661606,0.275662243366241,0.134190246462822,0.264571696519852,0.500109791755676,0.345416486263275,0.124630883336067,0.125068560242653,0.104785569012165,0.496819972991943,0.106326349079609,0.192324712872505,0.346216440200806,0.154963538050652,0.0494299381971359,0.0966883450746536,5.14526938466723
25,"stress",1.63718712329865,15.2593078613281,0.458992123603821,67.9552688598633,2.49367904663086,2.39303421974182,6.93091058731079,0.343544870615005,0.20817144215107,0.355887651443481,0.334956556558609,0.483268052339554,0.575221240520477,0.266883045434952,0.692484021186829,0.649122834205627,0.66450434923172,0.804007649421692,0.78943520784378,0.403212636709213,0.816831707954407,0.605960309505463,0.239164918661118,0.749651312828064,0.386025875806808,0.0868223011493683,0.0535204038023949,19.919613903179,2.68859529495239,28.8053150177002,7.00071620941162,44.0890998840332,2.74028396606445,17.0664882659912,28.2338390350342,0.0823484882712364,0.0842575803399086,0.172251805663109,0.0724868699908257,0.297666698694229,0.408609092235565,0.167282342910767,0.388589709997177,0.373456835746765,0.345416486263275,0.124630883336067,0.141031935811043,0.137988060712814,0.450198799371719,0.153097629547119,0.194135949015617,0.337279468774796,0.177008479833603,0.120039857923985,0.223941132426262,5.4486106682701
26,"stress",0.509369969367981,1.78030586242676,0.44095516204834,25.0989360809326,0.280516296625137,8.04903602600098,40.320556640625,0.403599292039871,0.244543716311455,0.169967174530029,0.347051471471786,0.216495037078857,0.0822784826159477,0.218580961227417,0.196046456694603,0.871508359909058,0.238633841276169,0.48359027504921,0.448414295911789,0.420221239328384,0.219780221581459,0.505051255226135,0.351947546005249,0.676165759563446,0.527521431446075,0.204348832368851,0.0897958651185036,19.7362797702568,0.899988293647766,7.20209836959839,0.794334232807159,33.0632934570312,0.939623296260834,22.564245223999,36.5018615722656,0.106461770832539,0.0844527930021286,0.0910132080316544,0.0935845896601677,0.180524528026581,0.472581565380096,0.104551278054714,0.159626290202141,0.46156632900238,0.157337948679924,0.183153137564659,0.141031935811043,0.0656362175941467,0.407170504331589,0.112793624401093,0.1756621748209,0.337861239910126,0.213326394557953,0.156916633248329,0.264760553836823,3.94311962367808
27,"stress",1.08555626869202,8.42264270782471,0.526592195034027,25.0977478027344,1.69354927539825,21.299654006958,51.3849716186523,0.627698600292206,0.226780772209167,0.192745834589004,0.316278159618378,0.408396571874618,0.0553505532443523,0.274634897708893,0.217573523521423,0.675126910209656,0.228641018271446,0.454644411802292,0.53806471824646,0.461653590202332,0.211981564760208,0.461765229701996,0.206135272979736,0.582521498203278,0.343850433826447,0.146362587809563,0.295167207717896,17.2593045333879,0.4547538459301,19.1735496520996,0.955566883087158,19.198823928833,1.79313158988953,17.0664882659912,25.3210277557373,0.099570095539093,0.0842575803399086,0.119280941784382,0.0337832756340504,0.196373477578163,0.466796487569809,0.126280397176743,0.305076092481613,0.4067522585392,0.248559013009071,0.12007587403059,0.110208868980408,0.0912093296647072,0.409656852483749,0.121514037251472,0.144244149327278,0.37001833319664,0.18704791367054,0.108336411416531,0.32126322388649,2.51695362112307
28,"stress",1.66697216033936,7.2730188369751,2.34361386299133,1.55483603477478,0.0840586572885513,18.554235458374,81.8148803710938,0.36758542060852,0.3485147356987,0.0534166619181633,0.326005309820175,0.15591898560524,0.0276679843664169,0.163812249898911,0.0487947948276997,0.613559305667877,0.138326182961464,0.265902787446976,0.53806471824646,0.488931089639664,0.0827067643404007,0.402780920267105,0.26914918422699,0.641083836555481,0.287525981664658,0.0192122384905815,0.295167207717896,22.9568019755812,4.95753908157349,8.78797245025635,8.89080715179443,24.6285095214844,0.51152515411377,25.828296661377,42.0462417602539,0.0813644975423813,0.114032983779907,0.0851908028125763,0.0404680371284485,0.0832195356488228,0.466796487569809,0.073883980512619,0.0830322057008743,0.487760961055756,0.109833300113678,0.161257073283195,0.147565126419067,0.0738139301538467,0.500745713710785,0.0945281758904457,0.115976110100746,0.367511212825775,0.200175225734711,0.0423007309436798,0.286093920469284,3.75877059938701
29,"stress",2.91365933418274,0.33834034204483,6.67510652542114,67.9552688598633,0.280516296625137,22.5843753814697,6.93091058731079,0.760709464550018,0.352288544178009,0.29347038269043,0.398334801197052,0.291852831840515,0.621118009090424,0.171270176768303,0.227565720677376,0.922448992729187,0.402154266834259,0.394762396812439,0.598101198673248,0.352743804454803,0.816831707954407,0.55491840839386,0.0729846134781837,0.944654405117035,0.713719725608826,0.0860048830509186,0.0815818607807159,40.1899632377997,11.7137298583984,0.109342485666275,11.1132049560547,27.7649841308594,1.60605823993683,27.2424545288086,16.2125015258789,0.135504588484764,0.162863627076149,0.100248962640762,0.152415096759796,0.113127335906029,0.366479724645615,0.102018587291241,0.297947943210602,0.439017444849014,0.109833300113678,0.114522062242031,0.151491180062294,0.104785569012165,0.465953439474106,0.149397939443588,0.179968431591988,0.261065542697906,0.232858568429947,0.108336411416531,0.17349711060524,6.21081806307098
30,"stress",1.66697216033936,8.87020206451416,0.850736141204834,14.3302736282349,0.713656663894653,13.6377086639404,66.0663070678711,0.395850896835327,0.306825518608093,0.13653302192688,0.395323723554611,0.307039827108383,0.573964476585388,0.163812249898911,0.0777414068579674,0.701492547988892,0.470711201429367,0.561537742614746,0.531412184238434,0.455172210931778,0.248756214976311,0.428217619657516,0.371496498584747,0.635995864868164,0.342496484518051,0.204348832368851,0.243412360548973,24.9073001059461,1.29657530784607,11.3298816680908,0.62626838684082,16.8559455871582,1.32618451118469,24.0278587341309,30.8436431884766,0.0642913579940796,0.100236222147942,0.0477679297327995,0.0629288479685783,0.0889199674129486,0.46702191233635,0.0427724570035934,0.152223840355873,0.429329663515091,0.157337948679924,0.114261895418167,0.149969637393951,0.109656766057014,0.182816162705421,0.112801671028137,0.12502683699131,0.346216440200806,0.154336512088776,0.111677430570126,0.188915252685547,5.03443731402243
